,Period,1,1,1,1,2,2,2,2,3,3,3,3,4,4,4,4,5,5,5,5,6,6,6,6,7,7,7,7,8,8,8,8,9,9,9,9,10,10,10,10,11,11,11,11,12,12,12,12,13,13,13,13,13
,Week No,1,2,3,4,5,6,7,8,9,10,11,12,13,14,15,16,17,18,19,20,21,22,23,24,25,26,27,28,29,30,31,32,33,34,35,36,37,38,39,40,41,42,43,44,45,46,47,48,49,50,51,52,53
Volume,ISC,"2,395","(1,243)",(926),"(1,488)",981,357,"(2,170)",(486),(689),"4,347","3,171",915,"(1,015)","1,524","1,810","(3,071)",,,,,,,,,,,,,,,,,,,,,,,,,,,,,,,,,,,,,
Volume,Stock Movements,(753),79,(351),(307),(94),(422),"(1,365)",(7),"(1,411)",176,"1,543",411,(168),687,830,(602),,,,,,,,,,,,,,,,,,,,,,,,,,,,,,,,,,,,,
Volume,Online,"(11,903)","(17,078)",652,"3,086","(3,001)","2,869","1,795","(2,121)","4,595","5,148","14,865",817,"4,874","(10,873)",(536),"(7,936)",,,,,,,,,,,,,,,,,,,,,,,,,,,,,,,,,,,,,
Volume,No Work,66,"2,096",626,0,0,0,0,"2,614",0,0,0,0,0,14,0,"7,804",,,,,,,,,,,,,,,,,,,,,,,,,,,,,,,,,,,,,
Productivity,ISC,294,"1,976","1,366","1,673",(120),546,"1,462",592,841,(580),(261),(0),(20),698,(30),181,,,,,,,,,,,,,,,,,,,,,,,,,,,,,,,,,,,,,
Productivity,Stock Movements,565,"(1,539)",(302),66,(832),(65),426,(413),(85),"(1,814)",(402),13,(237),(47),177,"1,080",,,,,,,,,,,,,,,,,,,,,,,,,,,,,,,,,,,,,
Productivity,Online,"(3,043)","(7,154)",62,(326),"4,315",(284),"(2,971)",(170),(802),(751),"(6,138)","(3,178)","(3,376)","(9,714)","(6,024)","(2,242)",,,,,,,,,,,,,,,,,,,,,,,,,,,,,,,,,,,,,
Rate,Rate,99,(606),(129),(407),(96),(353),(68),649,(624),985,958,142,413,(250),"1,772",(224),,,,,,,,,,,,,,,,,,,,,,,,,,,,,,,,,,,,,
Rate,Mix,103,"(2,920)",(271),(154),125,"2,223","(1,373)",156,"1,843","2,211",(949),"1,725",368,"(6,085)",(942),(813),,,,,,,,,,,,,,,,,,,,,,,,,,,,,,,,,,,,,
Rate,ME Adjustment,0,0,0,"12,361",0,0,0,"(4,630)",0,0,0,"(5,207)",0,0,0,"44,387",,,,,,,,,,,,,,,,,,,,,,,,,,,,,,,,,,,,,
Indirect,Pallet Sorting,482,590,571,573,595,633,617,598,618,610,630,621,602,509,493,593,,,,,,,,,,,,,,,,,,,,,,,,,,,,,,,,,,,,,
Indirect,Peak Step Up,0,0,0,0,0,0,0,0,0,0,0,0,0,0,986,"1,186",,,,,,,,,,,,,,,,,,,,,,,,,,,,,,,,,,,,,
Indirect,WO Checking,127,193,15,103,5,45,12,60,74,(32),43,95,(27),126,21,(25),,,,,,,,,,,,,,,,,,,,,,,,,,,,,,,,,,,,,
Indirect,Forums & Meetings,279,149,(41),244,232,206,41,152,96,260,(621),166,84,345,359,154,,,,,,,,,,,,,,,,,,,,,,,,,,,,,,,,,,,,,
Indirect,Projects,0,0,0,0,0,0,0,0,0,0,0,0,0,0,0,0,,,,,,,,,,,,,,,,,,,,,,,,,,,,,,,,,,,,,
Indirect,Training,766,550,580,(518),"1,570","1,626",900,"1,228",115,263,"1,217","1,186","1,214",676,534,(301),,,,,,,,,,,,,,,,,,,,,,,,,,,,,,,,,,,,,
Indirect,Step Up Development Programme,490,590,579,584,595,633,617,598,618,635,630,621,602,509,493,0,,,,,,,,,,,,,,,,,,,,,,,,,,,,,,,,,,,,,
Indirect,No Work,0,0,"1,278",(77),(186),393,0,"5,370","3,403",635,1,"5,854","2,685",0,23,0,,,,,,,,,,,,,,,,,,,,,,,,,,,,,,,,,,,,,
Indirect,Exceptional,(801),"(1,209)",(971),"(2,144)",(644),(106),102,"(1,294)",(857),"(1,063)",(475),(249),(314),582,7,(166),,,,,,,,,,,,,,,,,,,,,,,,,,,,,,,,,,,,,
Holiday,Holiday,"3,274",9,"(1,840)",(684),"1,126","1,755","2,156",717,"2,349","2,037",944,"1,527",(2),"1,385","(2,355)",(524),,,,,,,,,,,,,,,,,,,,,,,,,,,,,,,,,,,,,
Absence,Absence,81,(197),152,"1,126",991,"1,940","1,777","1,594","1,030",(466),"1,335","1,184","1,774","1,435","1,020","1,317",,,,,,,,,,,,,,,,,,,,,,,,,,,,,,,,,,,,,
,,,,,,,,,,,,,,,,,,,,,,,,,,,,,,,,,,,,,,,,,,,,,,,,,,,,,,
,,,,,,,,,,,,,,,,,,,,,,,,,,,,,,,,,,,,,,,,,,,,,,,,,,,,,,
,,,,,,,,,,,,,,,,,,,,,,,,,,,,,,,,,,,,,,,,,,,,,,,,,,,,,,
,,,,,,,,,,,,,,,,,,,,,,,,,,,,,,,,,,,,,,,,,,,,,,,,,,,,,,
,,,,,,,,,,,,,,,,,,,,,,,,,,,,,,,,,,,,,,,,,,,,,,,,,,,,,,
,,,,,,,,,,,,,,,,,,,,,,,,,,,,,,,,,,,,,,,,,,,,,,,,,,,,,,
,,,,,,,,,,,,,,,,,,,,,,,,,,,,,,,,,,,,,,,,,,,,,,,,,,,,,,
,,,,,,,,,,,,,,,,,,,,,,,,,,,,,,,,,,,,,,,,,,,,,,,,,,,,,,
,,,,,,,,,,,,,,,,,,,,,,,,,,,,,,,,,,,,,,,,,,,,,,,,,,,,,,
,,,,,,,,,,,,,,,,,,,,,,,,,,,,,,,,,,,,,,,,,,,,,,,,,,,,,,
,,,,,,,,,,,,,,,,,,,,,,,,,,,,,,,,,,,,,,,,,,,,,,,,,,,,,,
,,,,,,,,,,,,,,,,,,,,,,,,,,,,,,,,,,,,,,,,,,,,,,,,,,,,,,
,,,,,,,,,,,,,,,,,,,,,,,,,,,,,,,,,,,,,,,,,,,,,,,,,,,,,,
,,,,,,,,,,,,,,,,,,,,,,,,,,,,,,,,,,,,,,,,,,,,,,,,,,,,,,
